{
    "PCA": {
        "accuracy": 0.3522531819745442,
        "confusion_matrix": [
            [
                251,
                1419,
                1504,
                262,
                1128
            ],
            [
                263,
                2407,
                171,
                467,
                1406
            ],
            [
                166,
                20,
                2889,
                21,
                1652
            ],
            [
                401,
                1356,
                203,
                567,
                2079
            ],
            [
                475,
                789,
                927,
                355,
                2078
            ]
        ]
    },
    "DBSCAN": {
        "accuracy": 0.1937564499484004,
        "confusion_matrix": [
            [
                0,
                0,
                0,
                0,
                0,
                0,
                0,
                0
            ],
            [
                49,
                4505,
                0,
                0,
                2,
                0,
                8,
                0
            ],
            [
                94,
                4608,
                0,
                0,
                3,
                0,
                8,
                1
            ],
            [
                0,
                4748,
                0,
                0,
                0,
                0,
                0,
                0
            ],
            [
                28,
                4575,
                0,
                0,
                1,
                0,
                2,
                0
            ],
            [
                7,
                4617,
                0,
                0,
                0,
                0,
                0,
                0
            ],
            [
                0,
                0,
                0,
                0,
                0,
                0,
                0,
                0
            ],
            [
                0,
                0,
                0,
                0,
                0,
                0,
                0,
                0
            ]
        ]
    },
    "GMM": {
        "accuracy": 0.14490884072927415,
        "confusion_matrix": [
            [
                815,
                973,
                220,
                1782,
                774
            ],
            [
                1484,
                1403,
                546,
                343,
                938
            ],
            [
                70,
                1676,
                5,
                2984,
                13
            ],
            [
                1084,
                1970,
                153,
                572,
                827
            ],
            [
                876,
                1566,
                46,
                1561,
                575
            ]
        ]
    }
}